respondent_id,lottery_a,smoke,alcohol,gamble,skydiving,speed,cheated,steak,steak_prep,female,age,hhold_income,educ,region
3234982343,TRUE,FALSE,TRUE,FALSE,FALSE,FALSE,FALSE,TRUE,Medium rare,FALSE,>60,"$50,000 - $99,999",Some college or Associate degree,East North Central
3234973379,TRUE,FALSE,TRUE,TRUE,FALSE,TRUE,TRUE,TRUE,Rare,FALSE,>60,"$150,000+",Graduate degree,South Atlantic
3234972383,FALSE,TRUE,TRUE,TRUE,FALSE,TRUE,TRUE,TRUE,Medium,FALSE,>60,"$50,000 - $99,999",Bachelor degree,New England
3234958833,FALSE,FALSE,TRUE,FALSE,FALSE,TRUE,TRUE,TRUE,Medium,FALSE,>60,"$50,000 - $99,999",Graduate degree,Middle Atlantic
3234955240,TRUE,FALSE,FALSE,FALSE,FALSE,TRUE,FALSE,TRUE,Medium rare,FALSE,18-29,"$0 - $24,999",Some college or Associate degree,West South Central
3234955010,TRUE,FALSE,TRUE,TRUE,TRUE,TRUE,FALSE,TRUE,Medium rare,FALSE,18-29,"$25,000 - $49,999",Some college or Associate degree,West North Central
3234953052,TRUE,TRUE,TRUE,TRUE,FALSE,TRUE,FALSE,TRUE,Medium,FALSE,18-29,"$50,000 - $99,999",Bachelor degree,East North Central
3234951249,FALSE,FALSE,TRUE,TRUE,FALSE,FALSE,FALSE,TRUE,Medium rare,FALSE,>60,"$25,000 - $49,999",Some college or Associate degree,Pacific
3234948883,FALSE,FALSE,TRUE,FALSE,FALSE,TRUE,FALSE,TRUE,Medium rare,FALSE,>60,"$50,000 - $99,999",High school degree,South Atlantic
3234948197,TRUE,FALSE,FALSE,TRUE,FALSE,TRUE,FALSE,TRUE,Medium rare,FALSE,18-29,"$100,000 - $149,999",Graduate degree,Middle Atlantic
3234947477,FALSE,FALSE,TRUE,TRUE,TRUE,TRUE,FALSE,TRUE,Medium,FALSE,18-29,"$50,000 - $99,999",Bachelor degree,West South Central
3234946739,TRUE,TRUE,TRUE,TRUE,FALSE,TRUE,FALSE,TRUE,Rare,FALSE,18-29,"$50,000 - $99,999",Graduate degree,Pacific
3234945250,FALSE,FALSE,TRUE,FALSE,TRUE,TRUE,FALSE,TRUE,Medium Well,FALSE,>60,"$50,000 - $99,999",Bachelor degree,Pacific
3234944270,TRUE,FALSE,TRUE,FALSE,FALSE,TRUE,FALSE,TRUE,Medium Well,FALSE,18-29,"$25,000 - $49,999",Some college or Associate degree,Mountain
3234941615,TRUE,FALSE,TRUE,TRUE,FALSE,TRUE,FALSE,TRUE,Medium,FALSE,18-29,"$50,000 - $99,999",Bachelor degree,South Atlantic
3234939289,TRUE,FALSE,TRUE,TRUE,FALSE,FALSE,FALSE,TRUE,Medium rare,FALSE,18-29,"$50,000 - $99,999",Bachelor degree,West North Central
3234937720,FALSE,FALSE,FALSE,FALSE,FALSE,TRUE,FALSE,TRUE,Medium rare,FALSE,30-44,"$50,000 - $99,999",Graduate degree,South Atlantic
3234937709,TRUE,FALSE,TRUE,TRUE,FALSE,TRUE,FALSE,TRUE,Medium rare,FALSE,18-29,"$25,000 - $49,999",Bachelor degree,West North Central
3234936804,FALSE,FALSE,FALSE,FALSE,FALSE,TRUE,FALSE,TRUE,Medium rare,FALSE,>60,"$25,000 - $49,999",Some college or Associate degree,Middle Atlantic
3234936220,FALSE,FALSE,FALSE,FALSE,FALSE,TRUE,FALSE,TRUE,Medium rare,FALSE,45-60,"$0 - $24,999",Some college or Associate degree,East North Central
3234935763,TRUE,TRUE,TRUE,TRUE,FALSE,TRUE,FALSE,TRUE,Medium Well,FALSE,18-29,"$50,000 - $99,999",High school degree,West North Central
3234935254,FALSE,FALSE,TRUE,FALSE,FALSE,TRUE,FALSE,TRUE,Medium,FALSE,45-60,"$25,000 - $49,999",Bachelor degree,West South Central
3234932801,FALSE,TRUE,TRUE,TRUE,FALSE,FALSE,FALSE,TRUE,Medium rare,FALSE,45-60,"$50,000 - $99,999",Graduate degree,Middle Atlantic
3234931630,TRUE,FALSE,TRUE,FALSE,FALSE,TRUE,FALSE,TRUE,Medium,FALSE,>60,"$25,000 - $49,999",Graduate degree,East North Central
3234930461,TRUE,FALSE,FALSE,FALSE,FALSE,TRUE,FALSE,TRUE,Medium,FALSE,18-29,"$0 - $24,999",Graduate degree,South Atlantic
3234929351,FALSE,TRUE,TRUE,FALSE,FALSE,TRUE,FALSE,TRUE,Medium,FALSE,45-60,"$50,000 - $99,999",Graduate degree,East South Central
3234928702,TRUE,FALSE,TRUE,TRUE,FALSE,TRUE,FALSE,TRUE,Medium,FALSE,30-44,"$50,000 - $99,999",Some college or Associate degree,East North Central
3234927960,FALSE,FALSE,TRUE,FALSE,FALSE,TRUE,FALSE,TRUE,Well,FALSE,18-29,"$25,000 - $49,999",High school degree,West South Central
3234924769,TRUE,FALSE,TRUE,TRUE,TRUE,TRUE,FALSE,TRUE,Medium,FALSE,30-44,"$100,000 - $149,999",Bachelor degree,South Atlantic
3234924090,TRUE,FALSE,TRUE,TRUE,FALSE,TRUE,FALSE,TRUE,Medium,FALSE,45-60,"$50,000 - $99,999",Bachelor degree,Pacific
3234923656,FALSE,FALSE,TRUE,TRUE,FALSE,FALSE,FALSE,TRUE,Medium,FALSE,30-44,"$50,000 - $99,999",Bachelor degree,Pacific
3234922597,FALSE,FALSE,TRUE,TRUE,FALSE,TRUE,FALSE,TRUE,Medium rare,FALSE,>60,"$0 - $24,999",High school degree,West South Central
3234922412,FALSE,FALSE,TRUE,TRUE,FALSE,TRUE,TRUE,TRUE,Medium,FALSE,>60,"$100,000 - $149,999",Bachelor degree,Pacific
3234922346,TRUE,FALSE,TRUE,TRUE,FALSE,TRUE,TRUE,TRUE,Medium Well,FALSE,45-60,"$50,000 - $99,999",Some college or Associate degree,South Atlantic
3234921417,FALSE,TRUE,TRUE,TRUE,FALSE,TRUE,FALSE,TRUE,Medium,FALSE,30-44,"$50,000 - $99,999",Some college or Associate degree,West South Central
3234918764,TRUE,FALSE,FALSE,TRUE,FALSE,TRUE,FALSE,TRUE,Medium rare,FALSE,45-60,"$0 - $24,999",Some college or Associate degree,New England
3234918715,FALSE,FALSE,FALSE,FALSE,FALSE,TRUE,FALSE,TRUE,Medium Well,FALSE,45-60,"$50,000 - $99,999",Bachelor degree,South Atlantic
3234915418,TRUE,TRUE,TRUE,FALSE,FALSE,TRUE,FALSE,TRUE,Medium Well,FALSE,>60,"$50,000 - $99,999",Graduate degree,Middle Atlantic
3234914768,TRUE,FALSE,TRUE,TRUE,FALSE,TRUE,FALSE,TRUE,Medium rare,FALSE,>60,"$150,000+",Bachelor degree,West North Central
3234911137,TRUE,FALSE,TRUE,TRUE,FALSE,TRUE,TRUE,TRUE,Medium,FALSE,45-60,"$150,000+",Bachelor degree,South Atlantic
3234910999,FALSE,FALSE,TRUE,TRUE,FALSE,TRUE,FALSE,TRUE,Medium,FALSE,>60,"$50,000 - $99,999",Bachelor degree,Pacific
3234910677,TRUE,FALSE,TRUE,TRUE,FALSE,TRUE,FALSE,TRUE,Medium,FALSE,>60,"$100,000 - $149,999",Some college or Associate degree,East North Central
3234910265,FALSE,FALSE,FALSE,FALSE,FALSE,TRUE,TRUE,TRUE,Medium rare,FALSE,18-29,"$100,000 - $149,999",Some college or Associate degree,West South Central
3234908311,FALSE,FALSE,TRUE,TRUE,FALSE,TRUE,FALSE,TRUE,Medium rare,FALSE,>60,"$50,000 - $99,999",Bachelor degree,East North Central
3234908086,TRUE,FALSE,TRUE,FALSE,FALSE,TRUE,TRUE,TRUE,Medium rare,FALSE,45-60,"$50,000 - $99,999",Some college or Associate degree,Pacific
3234905473,FALSE,FALSE,TRUE,FALSE,FALSE,TRUE,FALSE,TRUE,Medium,FALSE,18-29,"$50,000 - $99,999",Some college or Associate degree,South Atlantic
3234899967,TRUE,FALSE,TRUE,TRUE,FALSE,TRUE,FALSE,TRUE,Medium,FALSE,>60,"$50,000 - $99,999",Bachelor degree,Pacific
3234899145,FALSE,TRUE,TRUE,FALSE,FALSE,FALSE,TRUE,TRUE,Medium rare,FALSE,18-29,"$0 - $24,999",Some college or Associate degree,South Atlantic
3234897030,TRUE,FALSE,TRUE,FALSE,FALSE,TRUE,FALSE,TRUE,Medium rare,TRUE,>60,"$100,000 - $149,999",Bachelor degree,New England
3234896600,FALSE,TRUE,TRUE,TRUE,FALSE,TRUE,TRUE,TRUE,Medium Well,FALSE,30-44,"$50,000 - $99,999",Bachelor degree,East North Central
3234895207,FALSE,FALSE,TRUE,TRUE,FALSE,TRUE,FALSE,TRUE,Medium rare,FALSE,45-60,"$100,000 - $149,999",Bachelor degree,Middle Atlantic
3234894987,FALSE,FALSE,FALSE,TRUE,FALSE,FALSE,FALSE,TRUE,Medium Well,FALSE,>60,"$25,000 - $49,999",Some college or Associate degree,East South Central
3234894892,FALSE,FALSE,TRUE,FALSE,FALSE,TRUE,FALSE,TRUE,Rare,FALSE,30-44,"$25,000 - $49,999",Bachelor degree,Pacific
3234893663,FALSE,FALSE,TRUE,FALSE,FALSE,TRUE,TRUE,TRUE,Medium Well,FALSE,>60,"$150,000+",Bachelor degree,New England
3234893368,TRUE,FALSE,TRUE,FALSE,FALSE,TRUE,FALSE,TRUE,Medium,FALSE,18-29,"$25,000 - $49,999",Graduate degree,West North Central
3234893232,FALSE,FALSE,TRUE,FALSE,FALSE,TRUE,TRUE,TRUE,Medium rare,TRUE,>60,"$50,000 - $99,999",Some college or Associate degree,East South Central
3234890248,FALSE,FALSE,TRUE,TRUE,FALSE,TRUE,FALSE,TRUE,Medium rare,TRUE,>60,"$25,000 - $49,999",Graduate degree,West North Central
3234889696,TRUE,FALSE,TRUE,FALSE,FALSE,TRUE,FALSE,TRUE,Medium rare,TRUE,>60,"$100,000 - $149,999",Graduate degree,East North Central
3234889548,FALSE,TRUE,FALSE,TRUE,FALSE,TRUE,TRUE,TRUE,Medium rare,TRUE,>60,"$0 - $24,999",Bachelor degree,Pacific
3234889313,TRUE,FALSE,FALSE,FALSE,FALSE,TRUE,FALSE,TRUE,Medium,FALSE,18-29,"$100,000 - $149,999",Some college or Associate degree,South Atlantic
3234888994,FALSE,FALSE,TRUE,FALSE,FALSE,TRUE,FALSE,TRUE,Medium rare,FALSE,18-29,"$0 - $24,999",Bachelor degree,East South Central
3234888428,TRUE,FALSE,TRUE,TRUE,FALSE,TRUE,FALSE,TRUE,Medium Well,FALSE,45-60,"$100,000 - $149,999",Bachelor degree,Pacific
3234888305,FALSE,FALSE,TRUE,FALSE,FALSE,TRUE,FALSE,TRUE,Medium,TRUE,>60,"$50,000 - $99,999",Graduate degree,West North Central
3234888125,FALSE,FALSE,TRUE,TRUE,FALSE,FALSE,FALSE,TRUE,Medium Well,TRUE,>60,"$0 - $24,999",High school degree,Middle Atlantic
3234887530,TRUE,FALSE,FALSE,TRUE,FALSE,TRUE,FALSE,TRUE,Well,FALSE,45-60,"$50,000 - $99,999",Some college or Associate degree,Pacific
3234886754,TRUE,FALSE,TRUE,TRUE,FALSE,TRUE,FALSE,TRUE,Medium rare,FALSE,45-60,"$100,000 - $149,999",High school degree,East South Central
3234886625,FALSE,FALSE,FALSE,TRUE,FALSE,FALSE,FALSE,TRUE,Medium rare,FALSE,18-29,"$50,000 - $99,999",High school degree,Middle Atlantic
3234884675,FALSE,FALSE,TRUE,FALSE,FALSE,TRUE,FALSE,TRUE,Medium rare,FALSE,45-60,"$100,000 - $149,999",Bachelor degree,Middle Atlantic
3234884132,TRUE,FALSE,TRUE,TRUE,FALSE,FALSE,FALSE,TRUE,Medium,TRUE,>60,"$25,000 - $49,999",High school degree,Middle Atlantic
3234882939,TRUE,FALSE,FALSE,FALSE,FALSE,TRUE,FALSE,TRUE,Medium,FALSE,30-44,"$25,000 - $49,999",Some college or Associate degree,Mountain
3234882580,TRUE,FALSE,TRUE,TRUE,FALSE,TRUE,FALSE,TRUE,Rare,FALSE,45-60,"$100,000 - $149,999",Bachelor degree,Middle Atlantic
3234882106,TRUE,FALSE,TRUE,TRUE,FALSE,TRUE,FALSE,TRUE,Medium Well,FALSE,>60,"$50,000 - $99,999",Some college or Associate degree,Mountain
3234881800,TRUE,FALSE,TRUE,TRUE,FALSE,TRUE,FALSE,TRUE,Medium Well,FALSE,30-44,"$25,000 - $49,999",Some college or Associate degree,South Atlantic
3234880920,FALSE,FALSE,FALSE,TRUE,FALSE,TRUE,FALSE,TRUE,Medium,FALSE,30-44,"$50,000 - $99,999",Some college or Associate degree,East South Central
3234880646,FALSE,FALSE,TRUE,TRUE,TRUE,TRUE,TRUE,TRUE,Medium,FALSE,30-44,"$100,000 - $149,999",Bachelor degree,Middle Atlantic
3234880264,FALSE,FALSE,TRUE,TRUE,FALSE,TRUE,FALSE,TRUE,Medium rare,FALSE,30-44,"$100,000 - $149,999",Graduate degree,Pacific
3234878934,TRUE,FALSE,TRUE,FALSE,FALSE,TRUE,FALSE,TRUE,Medium,FALSE,30-44,"$100,000 - $149,999",Bachelor degree,East North Central
3234878909,TRUE,FALSE,TRUE,TRUE,FALSE,TRUE,FALSE,TRUE,Medium,FALSE,30-44,"$50,000 - $99,999",Some college or Associate degree,East North Central
3234878810,TRUE,FALSE,FALSE,FALSE,FALSE,TRUE,FALSE,TRUE,Medium rare,TRUE,>60,"$25,000 - $49,999",Bachelor degree,East North Central
3234877084,FALSE,FALSE,TRUE,TRUE,FALSE,TRUE,FALSE,TRUE,Medium rare,TRUE,>60,"$150,000+",Graduate degree,South Atlantic
3234874602,FALSE,FALSE,TRUE,TRUE,FALSE,TRUE,FALSE,TRUE,Medium Well,FALSE,>60,"$25,000 - $49,999",Some college or Associate degree,South Atlantic
3234874404,TRUE,TRUE,TRUE,TRUE,FALSE,TRUE,TRUE,TRUE,Medium,FALSE,30-44,"$150,000+",Graduate degree,Middle Atlantic
3234872996,FALSE,FALSE,TRUE,FALSE,FALSE,TRUE,FALSE,TRUE,Medium rare,FALSE,45-60,"$50,000 - $99,999",Graduate degree,East North Central
3234872432,FALSE,TRUE,TRUE,TRUE,FALSE,TRUE,FALSE,TRUE,Medium,FALSE,18-29,"$0 - $24,999",High school degree,Pacific
3234871524,TRUE,TRUE,TRUE,TRUE,FALSE,TRUE,FALSE,TRUE,Medium,TRUE,18-29,"$25,000 - $49,999",High school degree,West North Central
3234871363,FALSE,FALSE,TRUE,TRUE,FALSE,TRUE,FALSE,TRUE,Medium Well,FALSE,>60,"$150,000+",Graduate degree,Middle Atlantic
3234871274,FALSE,TRUE,TRUE,TRUE,FALSE,TRUE,FALSE,TRUE,Medium,FALSE,30-44,"$25,000 - $49,999",Some college or Associate degree,Pacific
3234871183,FALSE,FALSE,FALSE,TRUE,FALSE,TRUE,FALSE,TRUE,Medium,FALSE,45-60,"$150,000+",Some college or Associate degree,Pacific
3234871078,FALSE,FALSE,FALSE,FALSE,FALSE,TRUE,FALSE,TRUE,Medium rare,FALSE,45-60,"$50,000 - $99,999",Bachelor degree,South Atlantic
3234870688,FALSE,FALSE,FALSE,FALSE,FALSE,TRUE,TRUE,TRUE,Medium,FALSE,18-29,"$0 - $24,999",Bachelor degree,East North Central
3234870354,FALSE,TRUE,FALSE,FALSE,FALSE,FALSE,FALSE,TRUE,Rare,TRUE,>60,"$0 - $24,999",Some college or Associate degree,Middle Atlantic
3234870079,FALSE,FALSE,FALSE,FALSE,FALSE,TRUE,FALSE,TRUE,Medium rare,FALSE,30-44,"$50,000 - $99,999",Some college or Associate degree,New England
3234870022,FALSE,FALSE,FALSE,TRUE,FALSE,TRUE,TRUE,TRUE,Well,TRUE,18-29,"$25,000 - $49,999",Some college or Associate degree,New England
3234869188,TRUE,TRUE,FALSE,FALSE,TRUE,FALSE,FALSE,TRUE,Medium Well,TRUE,18-29,"$25,000 - $49,999",High school degree,Middle Atlantic
3234868937,TRUE,TRUE,TRUE,TRUE,FALSE,TRUE,FALSE,TRUE,Well,FALSE,45-60,"$50,000 - $99,999",Bachelor degree,Pacific
3234868550,TRUE,TRUE,TRUE,TRUE,FALSE,TRUE,FALSE,TRUE,Medium rare,TRUE,18-29,"$50,000 - $99,999",Some college or Associate degree,East North Central
3234867846,FALSE,FALSE,TRUE,TRUE,FALSE,TRUE,FALSE,TRUE,Medium,FALSE,30-44,"$50,000 - $99,999",Some college or Associate degree,South Atlantic
3234863826,FALSE,FALSE,TRUE,TRUE,FALSE,FALSE,FALSE,TRUE,Medium,TRUE,>60,"$0 - $24,999",Some college or Associate degree,South Atlantic
3234863245,FALSE,FALSE,TRUE,TRUE,TRUE,TRUE,TRUE,TRUE,Medium rare,FALSE,30-44,"$50,000 - $99,999",Bachelor degree,South Atlantic
3234860196,FALSE,FALSE,TRUE,TRUE,FALSE,TRUE,FALSE,TRUE,Medium,FALSE,45-60,"$150,000+",Graduate degree,West North Central
3234859600,TRUE,FALSE,FALSE,FALSE,FALSE,TRUE,FALSE,TRUE,Medium,TRUE,>60,"$25,000 - $49,999",Some college or Associate degree,South Atlantic
3234859297,TRUE,FALSE,TRUE,FALSE,FALSE,TRUE,FALSE,TRUE,Medium Well,FALSE,45-60,"$50,000 - $99,999",Some college or Associate degree,Pacific
3234859155,FALSE,FALSE,FALSE,FALSE,FALSE,TRUE,FALSE,TRUE,Medium rare,FALSE,18-29,"$50,000 - $99,999",Some college or Associate degree,East North Central
3234858232,TRUE,FALSE,TRUE,TRUE,FALSE,TRUE,FALSE,TRUE,Well,FALSE,45-60,"$100,000 - $149,999",Bachelor degree,South Atlantic
3234858171,FALSE,FALSE,FALSE,TRUE,FALSE,TRUE,FALSE,TRUE,Medium,FALSE,>60,"$0 - $24,999",Bachelor degree,South Atlantic
3234858147,FALSE,FALSE,TRUE,FALSE,FALSE,TRUE,FALSE,TRUE,Medium,FALSE,30-44,"$100,000 - $149,999",Bachelor degree,Mountain
3234857772,FALSE,TRUE,TRUE,FALSE,FALSE,TRUE,FALSE,TRUE,Medium rare,TRUE,45-60,"$100,000 - $149,999",Graduate degree,East North Central
3234856888,FALSE,FALSE,FALSE,FALSE,FALSE,TRUE,FALSE,TRUE,Medium Well,TRUE,18-29,"$100,000 - $149,999",Some college or Associate degree,East South Central
3234855952,FALSE,FALSE,TRUE,FALSE,FALSE,TRUE,FALSE,TRUE,Well,TRUE,>60,"$50,000 - $99,999",Bachelor degree,Pacific
3234855780,FALSE,FALSE,FALSE,FALSE,FALSE,TRUE,TRUE,TRUE,Medium Well,TRUE,18-29,"$0 - $24,999",Some college or Associate degree,Middle Atlantic
3234855514,TRUE,FALSE,TRUE,TRUE,FALSE,TRUE,TRUE,TRUE,Medium Well,TRUE,30-44,"$50,000 - $99,999",Graduate degree,South Atlantic
3234855107,TRUE,FALSE,TRUE,TRUE,FALSE,TRUE,FALSE,TRUE,Well,FALSE,>60,"$0 - $24,999",Bachelor degree,West South Central
3234854914,FALSE,FALSE,TRUE,TRUE,FALSE,TRUE,TRUE,TRUE,Rare,TRUE,30-44,"$150,000+",Some college or Associate degree,Pacific
3234853658,FALSE,FALSE,TRUE,FALSE,FALSE,TRUE,FALSE,TRUE,Medium rare,FALSE,30-44,"$50,000 - $99,999",Graduate degree,South Atlantic
3234853330,TRUE,FALSE,TRUE,FALSE,FALSE,TRUE,FALSE,TRUE,Medium,TRUE,18-29,"$50,000 - $99,999",Graduate degree,Middle Atlantic
3234853280,FALSE,TRUE,TRUE,TRUE,FALSE,TRUE,FALSE,TRUE,Medium rare,TRUE,18-29,"$150,000+",Graduate degree,Middle Atlantic
3234853259,TRUE,FALSE,TRUE,FALSE,FALSE,TRUE,TRUE,TRUE,Rare,TRUE,>60,"$25,000 - $49,999",Graduate degree,Pacific
3234853003,FALSE,TRUE,TRUE,FALSE,FALSE,TRUE,FALSE,TRUE,Well,TRUE,18-29,"$100,000 - $149,999",Less than high school degree,Pacific
3234852348,TRUE,FALSE,TRUE,FALSE,FALSE,TRUE,FALSE,TRUE,Medium rare,FALSE,30-44,"$25,000 - $49,999",Some college or Associate degree,East South Central
3234852078,TRUE,FALSE,TRUE,TRUE,FALSE,TRUE,FALSE,TRUE,Medium Well,FALSE,45-60,"$100,000 - $149,999",Bachelor degree,East North Central
3234851430,TRUE,FALSE,TRUE,TRUE,FALSE,TRUE,FALSE,TRUE,Medium rare,TRUE,18-29,"$150,000+",Bachelor degree,New England
3234849033,FALSE,FALSE,TRUE,TRUE,FALSE,TRUE,FALSE,TRUE,Well,TRUE,30-44,"$50,000 - $99,999",Graduate degree,East North Central
3234848751,FALSE,FALSE,FALSE,FALSE,FALSE,TRUE,FALSE,TRUE,Well,TRUE,30-44,"$50,000 - $99,999",Bachelor degree,South Atlantic
3234848656,FALSE,FALSE,TRUE,TRUE,FALSE,TRUE,FALSE,TRUE,Medium rare,FALSE,45-60,"$50,000 - $99,999",Some college or Associate degree,West North Central
3234848624,TRUE,FALSE,TRUE,FALSE,TRUE,TRUE,FALSE,TRUE,Medium rare,TRUE,30-44,"$100,000 - $149,999",Graduate degree,West South Central
3234848231,FALSE,FALSE,TRUE,TRUE,FALSE,TRUE,FALSE,TRUE,Medium rare,TRUE,45-60,"$50,000 - $99,999",Some college or Associate degree,South Atlantic
3234847835,TRUE,FALSE,TRUE,TRUE,FALSE,TRUE,TRUE,TRUE,Medium,FALSE,30-44,"$100,000 - $149,999",Bachelor degree,Middle Atlantic
3234847724,FALSE,FALSE,TRUE,TRUE,FALSE,TRUE,FALSE,TRUE,Medium rare,FALSE,30-44,"$25,000 - $49,999",Bachelor degree,East North Central
3234847389,TRUE,FALSE,TRUE,FALSE,FALSE,TRUE,TRUE,TRUE,Medium,FALSE,18-29,"$50,000 - $99,999",Bachelor degree,Middle Atlantic
3234846945,FALSE,FALSE,TRUE,TRUE,FALSE,TRUE,FALSE,TRUE,Medium rare,TRUE,30-44,"$50,000 - $99,999",Bachelor degree,West North Central
3234846787,FALSE,FALSE,TRUE,TRUE,FALSE,TRUE,FALSE,TRUE,Medium Well,TRUE,30-44,"$100,000 - $149,999",Graduate degree,East North Central
3234846164,FALSE,FALSE,TRUE,FALSE,FALSE,TRUE,FALSE,TRUE,Medium rare,TRUE,>60,"$150,000+",Bachelor degree,West North Central
3234846005,TRUE,FALSE,TRUE,FALSE,FALSE,TRUE,FALSE,TRUE,Medium,TRUE,45-60,"$150,000+",Bachelor degree,West South Central
3234845685,FALSE,FALSE,TRUE,TRUE,FALSE,TRUE,FALSE,TRUE,Medium rare,TRUE,>60,"$25,000 - $49,999",High school degree,South Atlantic
3234845146,TRUE,FALSE,TRUE,FALSE,FALSE,TRUE,TRUE,TRUE,Medium Well,TRUE,45-60,"$50,000 - $99,999",Graduate degree,South Atlantic
3234845017,TRUE,FALSE,TRUE,FALSE,FALSE,TRUE,FALSE,TRUE,Medium,FALSE,>60,"$50,000 - $99,999",Graduate degree,South Atlantic
3234844263,FALSE,FALSE,TRUE,FALSE,FALSE,TRUE,FALSE,TRUE,Medium rare,TRUE,30-44,"$50,000 - $99,999",Bachelor degree,West South Central
3234844257,FALSE,FALSE,TRUE,TRUE,FALSE,FALSE,FALSE,TRUE,Well,TRUE,45-60,"$100,000 - $149,999",Bachelor degree,Mountain
3234844077,TRUE,FALSE,FALSE,FALSE,FALSE,TRUE,FALSE,TRUE,Medium,TRUE,45-60,"$25,000 - $49,999",Some college or Associate degree,Pacific
3234843837,TRUE,FALSE,TRUE,TRUE,FALSE,TRUE,FALSE,TRUE,Medium,FALSE,45-60,"$50,000 - $99,999",Some college or Associate degree,Middle Atlantic
3234843826,FALSE,FALSE,TRUE,TRUE,FALSE,TRUE,FALSE,TRUE,Medium rare,TRUE,45-60,"$50,000 - $99,999",Graduate degree,West North Central
3234843714,FALSE,FALSE,TRUE,FALSE,FALSE,TRUE,TRUE,TRUE,Well,TRUE,45-60,"$50,000 - $99,999",Bachelor degree,Middle Atlantic
3234843229,TRUE,FALSE,TRUE,TRUE,FALSE,TRUE,FALSE,TRUE,Medium Well,TRUE,30-44,"$25,000 - $49,999",Bachelor degree,South Atlantic
3234843170,TRUE,FALSE,TRUE,TRUE,FALSE,TRUE,FALSE,TRUE,Medium rare,FALSE,>60,"$50,000 - $99,999",Graduate degree,East South Central
3234843097,FALSE,FALSE,TRUE,TRUE,FALSE,TRUE,TRUE,TRUE,Medium,TRUE,30-44,"$150,000+",Bachelor degree,New England
3234843042,FALSE,FALSE,TRUE,FALSE,FALSE,TRUE,FALSE,TRUE,Medium Well,TRUE,18-29,"$50,000 - $99,999",Graduate degree,West South Central
3234842555,FALSE,FALSE,TRUE,FALSE,FALSE,TRUE,FALSE,TRUE,Medium,TRUE,30-44,"$50,000 - $99,999",Bachelor degree,South Atlantic
3234842077,FALSE,FALSE,TRUE,FALSE,FALSE,TRUE,FALSE,TRUE,Medium Well,TRUE,18-29,"$0 - $24,999",Some college or Associate degree,South Atlantic
3234841276,FALSE,FALSE,TRUE,FALSE,FALSE,TRUE,TRUE,TRUE,Medium,FALSE,>60,"$50,000 - $99,999",Some college or Associate degree,Middle Atlantic
3234840931,FALSE,FALSE,TRUE,TRUE,FALSE,TRUE,FALSE,TRUE,Rare,FALSE,45-60,"$100,000 - $149,999",Graduate degree,Middle Atlantic
3234840455,TRUE,FALSE,FALSE,FALSE,FALSE,TRUE,FALSE,TRUE,Well,TRUE,45-60,"$150,000+",Bachelor degree,South Atlantic
3234840017,FALSE,FALSE,FALSE,FALSE,FALSE,FALSE,FALSE,TRUE,Medium rare,TRUE,>60,"$25,000 - $49,999",Some college or Associate degree,Middle Atlantic
3234839875,FALSE,FALSE,TRUE,TRUE,FALSE,TRUE,FALSE,TRUE,Medium rare,TRUE,30-44,"$25,000 - $49,999",Bachelor degree,New England
3234839680,TRUE,TRUE,TRUE,TRUE,FALSE,TRUE,FALSE,TRUE,Rare,TRUE,30-44,"$50,000 - $99,999",Some college or Associate degree,West North Central
3234839467,FALSE,FALSE,TRUE,FALSE,FALSE,TRUE,FALSE,TRUE,Medium,TRUE,>60,"$150,000+",Bachelor degree,South Atlantic
3234839418,TRUE,FALSE,TRUE,TRUE,FALSE,TRUE,FALSE,TRUE,Medium,FALSE,30-44,"$50,000 - $99,999",Some college or Associate degree,Pacific
3234839160,FALSE,FALSE,TRUE,TRUE,FALSE,TRUE,FALSE,TRUE,Medium,TRUE,30-44,"$100,000 - $149,999",Graduate degree,West North Central
3234839073,TRUE,FALSE,TRUE,TRUE,FALSE,TRUE,FALSE,TRUE,Rare,TRUE,>60,"$50,000 - $99,999",Some college or Associate degree,Pacific
3234838520,FALSE,TRUE,TRUE,TRUE,FALSE,FALSE,FALSE,TRUE,Medium rare,FALSE,30-44,"$25,000 - $49,999",Some college or Associate degree,Pacific
3234838368,TRUE,TRUE,TRUE,FALSE,FALSE,TRUE,FALSE,TRUE,Medium rare,TRUE,18-29,"$0 - $24,999",Graduate degree,East South Central
3234837889,TRUE,TRUE,TRUE,TRUE,TRUE,TRUE,FALSE,TRUE,Medium Well,TRUE,30-44,"$50,000 - $99,999",Some college or Associate degree,Middle Atlantic
3234837794,TRUE,FALSE,TRUE,FALSE,FALSE,TRUE,FALSE,TRUE,Medium,TRUE,>60,"$25,000 - $49,999",High school degree,New England
3234837477,TRUE,TRUE,TRUE,TRUE,FALSE,TRUE,FALSE,TRUE,Medium,FALSE,18-29,"$100,000 - $149,999",Bachelor degree,Pacific
3234836798,TRUE,FALSE,TRUE,FALSE,FALSE,TRUE,FALSE,TRUE,Medium Well,TRUE,30-44,"$50,000 - $99,999",Bachelor degree,New England
3234836496,FALSE,FALSE,TRUE,TRUE,FALSE,TRUE,FALSE,TRUE,Rare,TRUE,45-60,"$100,000 - $149,999",Graduate degree,South Atlantic
3234836354,TRUE,FALSE,TRUE,FALSE,TRUE,TRUE,FALSE,TRUE,Medium rare,TRUE,45-60,"$50,000 - $99,999",Bachelor degree,New England
3234835855,TRUE,FALSE,TRUE,FALSE,FALSE,TRUE,FALSE,TRUE,Medium Well,FALSE,45-60,"$50,000 - $99,999",Bachelor degree,West North Central
3234835019,FALSE,TRUE,TRUE,TRUE,FALSE,TRUE,FALSE,TRUE,Medium rare,TRUE,18-29,"$100,000 - $149,999",Bachelor degree,East North Central
3234834715,FALSE,FALSE,TRUE,FALSE,FALSE,TRUE,FALSE,TRUE,Rare,TRUE,>60,"$100,000 - $149,999",Bachelor degree,Middle Atlantic
3234834302,FALSE,FALSE,TRUE,FALSE,TRUE,FALSE,FALSE,TRUE,Medium,TRUE,45-60,"$25,000 - $49,999",Some college or Associate degree,East South Central
3234834174,TRUE,FALSE,TRUE,TRUE,FALSE,TRUE,FALSE,TRUE,Well,TRUE,45-60,"$100,000 - $149,999",Some college or Associate degree,East North Central
3234834071,TRUE,FALSE,TRUE,TRUE,FALSE,TRUE,FALSE,TRUE,Medium rare,FALSE,>60,"$50,000 - $99,999",Bachelor degree,Middle Atlantic
3234833617,FALSE,FALSE,TRUE,FALSE,FALSE,TRUE,FALSE,TRUE,Medium rare,TRUE,18-29,"$25,000 - $49,999",Bachelor degree,South Atlantic
3234833027,TRUE,FALSE,TRUE,FALSE,FALSE,TRUE,FALSE,TRUE,Medium,TRUE,18-29,"$50,000 - $99,999",Bachelor degree,West North Central
3234832934,FALSE,FALSE,TRUE,TRUE,TRUE,TRUE,FALSE,TRUE,Medium rare,FALSE,30-44,"$100,000 - $149,999",Bachelor degree,West South Central
3234832916,TRUE,TRUE,TRUE,TRUE,FALSE,TRUE,TRUE,TRUE,Medium,FALSE,18-29,"$0 - $24,999",Some college or Associate degree,Mountain
3234831237,TRUE,FALSE,TRUE,FALSE,FALSE,TRUE,FALSE,TRUE,Medium rare,TRUE,30-44,"$0 - $24,999",Some college or Associate degree,Pacific
3234831171,TRUE,FALSE,FALSE,FALSE,FALSE,TRUE,FALSE,TRUE,Medium,FALSE,18-29,"$50,000 - $99,999",Bachelor degree,East North Central
3234830173,TRUE,TRUE,TRUE,TRUE,FALSE,TRUE,FALSE,TRUE,Medium rare,TRUE,18-29,"$25,000 - $49,999",Some college or Associate degree,East North Central
3234829440,FALSE,FALSE,TRUE,FALSE,FALSE,TRUE,FALSE,TRUE,Medium rare,FALSE,30-44,"$50,000 - $99,999",Some college or Associate degree,Pacific
3234828740,TRUE,FALSE,TRUE,FALSE,FALSE,TRUE,FALSE,TRUE,Medium,FALSE,18-29,"$25,000 - $49,999",Bachelor degree,South Atlantic
3234828054,FALSE,FALSE,TRUE,FALSE,FALSE,TRUE,FALSE,TRUE,Medium rare,TRUE,45-60,"$50,000 - $99,999",Some college or Associate degree,Mountain
3234827864,FALSE,FALSE,TRUE,FALSE,FALSE,FALSE,FALSE,TRUE,Medium,TRUE,30-44,"$150,000+",Bachelor degree,Middle Atlantic
3234827747,TRUE,FALSE,TRUE,TRUE,TRUE,TRUE,FALSE,TRUE,Medium,TRUE,18-29,"$100,000 - $149,999",Bachelor degree,Pacific
3234826323,FALSE,FALSE,TRUE,TRUE,FALSE,TRUE,FALSE,TRUE,Medium rare,FALSE,30-44,"$25,000 - $49,999",Graduate degree,West North Central
3234825833,FALSE,FALSE,FALSE,FALSE,FALSE,TRUE,FALSE,TRUE,Medium Well,TRUE,45-60,"$150,000+",Bachelor degree,New England
3234824537,FALSE,FALSE,TRUE,FALSE,FALSE,TRUE,FALSE,TRUE,Medium Well,FALSE,18-29,"$0 - $24,999",Bachelor degree,East North Central
3234824435,TRUE,FALSE,TRUE,TRUE,FALSE,TRUE,TRUE,TRUE,Medium rare,FALSE,30-44,"$25,000 - $49,999",Some college or Associate degree,South Atlantic
3234824072,TRUE,FALSE,TRUE,TRUE,FALSE,TRUE,TRUE,TRUE,Medium rare,TRUE,>60,"$25,000 - $49,999",Some college or Associate degree,East North Central
3234824047,FALSE,FALSE,TRUE,FALSE,FALSE,TRUE,FALSE,TRUE,Medium,TRUE,18-29,"$150,000+",Some college or Associate degree,South Atlantic
3234823339,FALSE,FALSE,TRUE,TRUE,FALSE,TRUE,FALSE,TRUE,Medium Well,TRUE,18-29,"$50,000 - $99,999",Graduate degree,South Atlantic
3234822951,TRUE,FALSE,TRUE,TRUE,FALSE,TRUE,FALSE,TRUE,Medium,TRUE,30-44,"$150,000+",Graduate degree,West North Central
3234822610,FALSE,FALSE,TRUE,TRUE,TRUE,TRUE,TRUE,TRUE,Medium rare,FALSE,45-60,"$25,000 - $49,999",Graduate degree,West North Central
3234822589,TRUE,FALSE,TRUE,TRUE,FALSE,TRUE,FALSE,TRUE,Medium,FALSE,45-60,"$150,000+",Graduate degree,Pacific
3234822326,TRUE,FALSE,TRUE,TRUE,FALSE,TRUE,FALSE,TRUE,Medium rare,TRUE,30-44,"$100,000 - $149,999",Bachelor degree,New England
3234821979,FALSE,FALSE,TRUE,FALSE,FALSE,TRUE,FALSE,TRUE,Medium rare,TRUE,30-44,"$25,000 - $49,999",Graduate degree,New England
3234821435,TRUE,TRUE,FALSE,FALSE,TRUE,TRUE,TRUE,TRUE,Medium rare,TRUE,45-60,"$100,000 - $149,999",Bachelor degree,East North Central
3234821131,TRUE,FALSE,TRUE,TRUE,FALSE,TRUE,FALSE,TRUE,Medium Well,TRUE,45-60,"$50,000 - $99,999",Bachelor degree,Mountain
3234820975,TRUE,FALSE,TRUE,TRUE,FALSE,TRUE,FALSE,TRUE,Medium rare,TRUE,45-60,"$150,000+",Bachelor degree,Pacific
3234820540,FALSE,FALSE,FALSE,FALSE,FALSE,TRUE,FALSE,TRUE,Medium rare,FALSE,30-44,"$50,000 - $99,999",Graduate degree,Mountain
3234820490,TRUE,FALSE,TRUE,FALSE,FALSE,TRUE,TRUE,TRUE,Medium,TRUE,45-60,"$50,000 - $99,999",Some college or Associate degree,Middle Atlantic
3234820326,FALSE,FALSE,FALSE,FALSE,FALSE,TRUE,FALSE,TRUE,Well,FALSE,45-60,"$50,000 - $99,999",Bachelor degree,Mountain
3234820022,FALSE,FALSE,TRUE,FALSE,FALSE,TRUE,FALSE,TRUE,Medium rare,TRUE,30-44,"$100,000 - $149,999",Graduate degree,Pacific
3234819936,FALSE,TRUE,TRUE,TRUE,FALSE,TRUE,TRUE,TRUE,Medium,FALSE,30-44,"$50,000 - $99,999",Bachelor degree,South Atlantic
3234819931,TRUE,FALSE,TRUE,FALSE,FALSE,TRUE,FALSE,TRUE,Medium rare,FALSE,>60,"$150,000+",Graduate degree,New England
3234819429,TRUE,FALSE,TRUE,FALSE,FALSE,TRUE,FALSE,TRUE,Medium,FALSE,30-44,"$50,000 - $99,999",Graduate degree,Middle Atlantic
3234818717,FALSE,TRUE,TRUE,TRUE,FALSE,TRUE,FALSE,TRUE,Medium rare,TRUE,45-60,"$50,000 - $99,999",Some college or Associate degree,Pacific
3234818499,FALSE,FALSE,TRUE,FALSE,FALSE,TRUE,FALSE,TRUE,Medium,TRUE,18-29,"$100,000 - $149,999",Some college or Associate degree,East North Central
3234818242,TRUE,TRUE,FALSE,FALSE,FALSE,TRUE,FALSE,TRUE,Medium rare,FALSE,30-44,"$100,000 - $149,999",Bachelor degree,Pacific
3234817851,FALSE,FALSE,FALSE,TRUE,FALSE,TRUE,FALSE,TRUE,Rare,TRUE,30-44,"$0 - $24,999",Some college or Associate degree,South Atlantic
3234817013,TRUE,FALSE,TRUE,FALSE,FALSE,TRUE,FALSE,TRUE,Medium rare,TRUE,30-44,"$150,000+",Bachelor degree,East North Central
3234816708,FALSE,FALSE,TRUE,FALSE,FALSE,TRUE,FALSE,TRUE,Medium Well,TRUE,30-44,"$150,000+",Graduate degree,Mountain
3234816090,TRUE,FALSE,TRUE,TRUE,FALSE,TRUE,FALSE,TRUE,Medium,FALSE,45-60,"$0 - $24,999",High school degree,West North Central
3234816078,TRUE,TRUE,TRUE,TRUE,FALSE,TRUE,TRUE,TRUE,Well,FALSE,30-44,"$0 - $24,999",High school degree,South Atlantic
3234815841,FALSE,FALSE,FALSE,FALSE,FALSE,TRUE,FALSE,TRUE,Medium rare,TRUE,>60,"$50,000 - $99,999",Graduate degree,Pacific
3234815624,FALSE,FALSE,FALSE,FALSE,TRUE,TRUE,TRUE,TRUE,Medium rare,TRUE,>60,"$50,000 - $99,999",Graduate degree,West South Central
3234815283,FALSE,FALSE,TRUE,TRUE,FALSE,TRUE,FALSE,TRUE,Medium Well,FALSE,45-60,"$100,000 - $149,999",Some college or Associate degree,Middle Atlantic
3234815142,TRUE,FALSE,TRUE,FALSE,FALSE,TRUE,FALSE,TRUE,Well,TRUE,45-60,"$50,000 - $99,999",Some college or Associate degree,East North Central
3234815061,TRUE,FALSE,TRUE,FALSE,FALSE,TRUE,FALSE,TRUE,Medium rare,FALSE,>60,"$100,000 - $149,999",Graduate degree,Middle Atlantic
3234814771,FALSE,TRUE,TRUE,TRUE,FALSE,TRUE,FALSE,TRUE,Medium,TRUE,>60,"$25,000 - $49,999",Graduate degree,Pacific
3234814352,TRUE,FALSE,TRUE,FALSE,FALSE,TRUE,FALSE,TRUE,Medium Well,TRUE,45-60,"$150,000+",Some college or Associate degree,Middle Atlantic
3234814278,TRUE,FALSE,TRUE,FALSE,FALSE,TRUE,FALSE,TRUE,Medium Well,TRUE,18-29,"$0 - $24,999",Bachelor degree,South Atlantic
3234813690,TRUE,FALSE,TRUE,TRUE,FALSE,TRUE,TRUE,TRUE,Medium,TRUE,45-60,"$150,000+",Graduate degree,East South Central
3234813682,TRUE,FALSE,TRUE,FALSE,FALSE,FALSE,FALSE,TRUE,Medium,TRUE,18-29,"$0 - $24,999",Some college or Associate degree,Pacific
3234813465,TRUE,FALSE,TRUE,TRUE,FALSE,TRUE,FALSE,TRUE,Medium,TRUE,45-60,"$150,000+",Bachelor degree,Middle Atlantic
3234813345,FALSE,FALSE,TRUE,TRUE,FALSE,TRUE,FALSE,TRUE,Medium rare,TRUE,>60,"$50,000 - $99,999",Graduate degree,New England
3234811839,TRUE,FALSE,FALSE,FALSE,FALSE,TRUE,FALSE,TRUE,Medium rare,FALSE,>60,"$50,000 - $99,999",Bachelor degree,New England
3234810697,TRUE,TRUE,TRUE,TRUE,FALSE,TRUE,FALSE,TRUE,Medium,FALSE,45-60,"$100,000 - $149,999",Bachelor degree,East North Central
3234810549,TRUE,FALSE,FALSE,FALSE,FALSE,TRUE,TRUE,TRUE,Medium rare,FALSE,30-44,"$100,000 - $149,999",Some college or Associate degree,Middle Atlantic
3234810109,TRUE,FALSE,TRUE,TRUE,FALSE,TRUE,FALSE,TRUE,Medium rare,TRUE,>60,"$50,000 - $99,999",Graduate degree,South Atlantic
3234809084,FALSE,FALSE,TRUE,FALSE,FALSE,TRUE,FALSE,TRUE,Medium,TRUE,45-60,"$100,000 - $149,999",Some college or Associate degree,Mountain
3234808432,FALSE,FALSE,TRUE,FALSE,FALSE,TRUE,TRUE,TRUE,Medium,FALSE,30-44,"$50,000 - $99,999",Some college or Associate degree,East North Central
3234807851,FALSE,FALSE,TRUE,FALSE,FALSE,TRUE,FALSE,TRUE,Medium Well,TRUE,30-44,"$25,000 - $49,999",Bachelor degree,South Atlantic
3234807795,TRUE,FALSE,TRUE,TRUE,FALSE,TRUE,FALSE,TRUE,Medium,TRUE,30-44,"$100,000 - $149,999",Graduate degree,Middle Atlantic
3234807540,FALSE,FALSE,TRUE,TRUE,FALSE,TRUE,FALSE,TRUE,Medium rare,TRUE,45-60,"$100,000 - $149,999",Bachelor degree,South Atlantic
3234807362,TRUE,FALSE,FALSE,TRUE,TRUE,TRUE,FALSE,TRUE,Medium,FALSE,>60,"$50,000 - $99,999",Bachelor degree,Middle Atlantic
3234807325,TRUE,FALSE,TRUE,TRUE,TRUE,TRUE,FALSE,TRUE,Medium rare,FALSE,30-44,"$100,000 - $149,999",Bachelor degree,East North Central
3234805307,TRUE,FALSE,TRUE,FALSE,FALSE,TRUE,FALSE,TRUE,Medium Well,TRUE,18-29,"$50,000 - $99,999",Bachelor degree,East North Central
3234804474,FALSE,FALSE,FALSE,FALSE,TRUE,TRUE,FALSE,TRUE,Rare,TRUE,45-60,"$50,000 - $99,999",Bachelor degree,South Atlantic
3234804414,FALSE,FALSE,TRUE,FALSE,FALSE,TRUE,TRUE,TRUE,Medium Well,TRUE,30-44,"$25,000 - $49,999",Some college or Associate degree,South Atlantic
3234803960,FALSE,FALSE,FALSE,FALSE,FALSE,TRUE,FALSE,TRUE,Medium,TRUE,30-44,"$50,000 - $99,999",Bachelor degree,West South Central
3234803833,FALSE,FALSE,TRUE,TRUE,FALSE,TRUE,FALSE,TRUE,Medium rare,TRUE,45-60,"$100,000 - $149,999",Graduate degree,South Atlantic
3234803688,FALSE,FALSE,TRUE,FALSE,FALSE,TRUE,TRUE,TRUE,Medium Well,TRUE,30-44,"$50,000 - $99,999",Graduate degree,East North Central
3234803552,FALSE,FALSE,TRUE,TRUE,FALSE,TRUE,TRUE,TRUE,Medium,TRUE,30-44,"$25,000 - $49,999",Some college or Associate degree,Pacific
3234803474,TRUE,FALSE,TRUE,TRUE,FALSE,TRUE,FALSE,TRUE,Medium,FALSE,>60,"$150,000+",Some college or Associate degree,South Atlantic
3234803379,FALSE,FALSE,TRUE,TRUE,FALSE,TRUE,TRUE,TRUE,Medium,TRUE,>60,"$50,000 - $99,999",Some college or Associate degree,South Atlantic
3234802714,FALSE,FALSE,TRUE,TRUE,FALSE,TRUE,FALSE,TRUE,Medium rare,FALSE,>60,"$50,000 - $99,999",Bachelor degree,Middle Atlantic
3234802671,FALSE,FALSE,TRUE,TRUE,FALSE,TRUE,FALSE,TRUE,Medium,TRUE,>60,"$50,000 - $99,999",Graduate degree,New England
3234802032,TRUE,FALSE,TRUE,TRUE,FALSE,TRUE,FALSE,TRUE,Medium rare,TRUE,45-60,"$50,000 - $99,999",Bachelor degree,East North Central
3234801820,TRUE,FALSE,TRUE,TRUE,FALSE,TRUE,FALSE,TRUE,Medium Well,TRUE,>60,"$50,000 - $99,999",Some college or Associate degree,Pacific
3234801517,FALSE,TRUE,TRUE,FALSE,FALSE,TRUE,FALSE,TRUE,Medium Well,TRUE,30-44,"$100,000 - $149,999",Graduate degree,Middle Atlantic
3234801446,TRUE,TRUE,TRUE,TRUE,FALSE,TRUE,TRUE,TRUE,Medium,FALSE,45-60,"$50,000 - $99,999",Bachelor degree,Mountain
3234800702,TRUE,FALSE,TRUE,TRUE,FALSE,TRUE,FALSE,TRUE,Medium rare,FALSE,45-60,"$50,000 - $99,999",Graduate degree,South Atlantic
3234799316,TRUE,FALSE,TRUE,FALSE,FALSE,TRUE,TRUE,TRUE,Medium,TRUE,30-44,"$150,000+",Bachelor degree,Mountain
3234798094,FALSE,FALSE,TRUE,TRUE,FALSE,TRUE,FALSE,TRUE,Medium,TRUE,45-60,"$50,000 - $99,999",Graduate degree,Pacific
3234797258,TRUE,FALSE,FALSE,FALSE,FALSE,TRUE,FALSE,TRUE,Medium rare,TRUE,18-29,"$25,000 - $49,999",High school degree,East South Central
3234796591,TRUE,FALSE,FALSE,TRUE,FALSE,TRUE,FALSE,TRUE,Medium rare,TRUE,>60,"$50,000 - $99,999",Bachelor degree,South Atlantic
3234795992,FALSE,FALSE,TRUE,FALSE,FALSE,TRUE,FALSE,TRUE,Medium rare,FALSE,>60,"$50,000 - $99,999",Graduate degree,Pacific
3234794766,FALSE,FALSE,TRUE,TRUE,FALSE,TRUE,FALSE,TRUE,Medium,TRUE,>60,"$50,000 - $99,999",Graduate degree,East North Central
3234794417,TRUE,TRUE,TRUE,TRUE,FALSE,TRUE,FALSE,TRUE,Medium rare,TRUE,18-29,"$50,000 - $99,999",Some college or Associate degree,West South Central
3234794312,TRUE,FALSE,TRUE,TRUE,FALSE,TRUE,FALSE,TRUE,Well,FALSE,30-44,"$50,000 - $99,999",Some college or Associate degree,Middle Atlantic
3234793032,FALSE,TRUE,TRUE,FALSE,FALSE,FALSE,FALSE,TRUE,Medium Well,FALSE,18-29,"$0 - $24,999",Bachelor degree,East North Central
3234793005,TRUE,FALSE,TRUE,TRUE,FALSE,TRUE,FALSE,TRUE,Medium Well,TRUE,45-60,"$25,000 - $49,999",Some college or Associate degree,Mountain
3234792864,FALSE,FALSE,TRUE,FALSE,FALSE,TRUE,FALSE,TRUE,Well,TRUE,>60,"$50,000 - $99,999",Bachelor degree,Mountain
3234791203,FALSE,TRUE,TRUE,TRUE,FALSE,FALSE,TRUE,TRUE,Medium rare,TRUE,30-44,"$50,000 - $99,999",Graduate degree,Mountain
3234791193,FALSE,FALSE,TRUE,FALSE,FALSE,TRUE,FALSE,TRUE,Medium rare,FALSE,45-60,"$100,000 - $149,999",Bachelor degree,Pacific
3234790735,TRUE,FALSE,TRUE,TRUE,FALSE,TRUE,FALSE,TRUE,Medium,FALSE,45-60,"$150,000+",Graduate degree,East North Central
3234790686,TRUE,FALSE,TRUE,FALSE,FALSE,TRUE,FALSE,TRUE,Medium rare,FALSE,18-29,"$100,000 - $149,999",Bachelor degree,Pacific
3234789350,FALSE,FALSE,TRUE,FALSE,FALSE,TRUE,FALSE,TRUE,Medium rare,TRUE,30-44,"$50,000 - $99,999",Some college or Associate degree,Pacific
3234789070,FALSE,FALSE,TRUE,FALSE,FALSE,TRUE,FALSE,TRUE,Medium rare,TRUE,>60,"$50,000 - $99,999",Graduate degree,West South Central
3234789052,TRUE,FALSE,TRUE,FALSE,FALSE,TRUE,TRUE,TRUE,Rare,TRUE,45-60,"$50,000 - $99,999",Graduate degree,West North Central
3234788903,TRUE,TRUE,TRUE,TRUE,FALSE,TRUE,FALSE,TRUE,Medium rare,FALSE,45-60,"$100,000 - $149,999",Bachelor degree,East South Central
3234787566,FALSE,FALSE,TRUE,FALSE,FALSE,TRUE,FALSE,TRUE,Medium rare,TRUE,30-44,"$50,000 - $99,999",Bachelor degree,South Atlantic
3234787469,FALSE,FALSE,TRUE,TRUE,FALSE,TRUE,FALSE,TRUE,Medium rare,FALSE,30-44,"$50,000 - $99,999",Some college or Associate degree,South Atlantic
3234787013,TRUE,FALSE,FALSE,TRUE,FALSE,TRUE,TRUE,TRUE,Medium,FALSE,45-60,"$100,000 - $149,999",Bachelor degree,West South Central
3234786675,FALSE,TRUE,TRUE,TRUE,FALSE,TRUE,FALSE,TRUE,Medium Well,FALSE,>60,"$0 - $24,999",Bachelor degree,Pacific
3234786043,TRUE,FALSE,TRUE,TRUE,FALSE,TRUE,FALSE,TRUE,Medium rare,TRUE,45-60,"$100,000 - $149,999",Some college or Associate degree,East North Central
3234785906,TRUE,FALSE,TRUE,TRUE,FALSE,TRUE,FALSE,TRUE,Medium rare,FALSE,45-60,"$100,000 - $149,999",Bachelor degree,West North Central
3234785679,TRUE,FALSE,FALSE,TRUE,FALSE,FALSE,FALSE,TRUE,Medium,TRUE,>60,"$50,000 - $99,999",High school degree,Mountain
3234785579,TRUE,FALSE,FALSE,FALSE,FALSE,FALSE,FALSE,TRUE,Medium rare,TRUE,18-29,"$25,000 - $49,999",Some college or Associate degree,Middle Atlantic
3234785571,FALSE,FALSE,FALSE,FALSE,FALSE,TRUE,TRUE,TRUE,Medium,TRUE,45-60,"$50,000 - $99,999",Graduate degree,Pacific
3234785120,FALSE,TRUE,TRUE,TRUE,FALSE,TRUE,FALSE,TRUE,Rare,FALSE,18-29,"$25,000 - $49,999",Some college or Associate degree,West North Central
3234785058,FALSE,TRUE,TRUE,TRUE,FALSE,TRUE,TRUE,TRUE,Medium rare,FALSE,30-44,"$100,000 - $149,999",Bachelor degree,South Atlantic
3234785e3,FALSE,FALSE,TRUE,FALSE,TRUE,TRUE,FALSE,TRUE,Medium,TRUE,30-44,"$100,000 - $149,999",Graduate degree,West North Central
3234784700,FALSE,FALSE,TRUE,FALSE,FALSE,TRUE,FALSE,TRUE,Medium rare,TRUE,>60,"$50,000 - $99,999",Graduate degree,East North Central
3234784673,FALSE,FALSE,TRUE,FALSE,FALSE,TRUE,FALSE,TRUE,Rare,TRUE,18-29,"$50,000 - $99,999",Bachelor degree,New England
3234783141,FALSE,FALSE,TRUE,TRUE,FALSE,TRUE,TRUE,TRUE,Medium,TRUE,30-44,"$50,000 - $99,999",Bachelor degree,East North Central
3234782863,TRUE,TRUE,FALSE,FALSE,FALSE,TRUE,FALSE,TRUE,Medium rare,TRUE,45-60,"$0 - $24,999",Bachelor degree,South Atlantic
3234782700,TRUE,FALSE,TRUE,TRUE,FALSE,TRUE,FALSE,TRUE,Medium rare,FALSE,45-60,"$150,000+",Graduate degree,Pacific
3234782029,FALSE,FALSE,TRUE,FALSE,FALSE,TRUE,FALSE,TRUE,Medium,TRUE,18-29,"$0 - $24,999",Bachelor degree,Mountain
3234781654,FALSE,FALSE,FALSE,FALSE,FALSE,TRUE,FALSE,TRUE,Medium rare,TRUE,45-60,"$25,000 - $49,999",High school degree,Pacific
3234781534,TRUE,FALSE,FALSE,TRUE,FALSE,TRUE,FALSE,TRUE,Medium rare,TRUE,18-29,"$25,000 - $49,999",Graduate degree,South Atlantic
3234780665,FALSE,FALSE,TRUE,TRUE,FALSE,TRUE,FALSE,TRUE,Medium,FALSE,30-44,"$100,000 - $149,999",Graduate degree,Middle Atlantic
3234780649,TRUE,FALSE,TRUE,FALSE,FALSE,TRUE,FALSE,TRUE,Medium,FALSE,18-29,"$25,000 - $49,999",Graduate degree,West North Central
3234779450,FALSE,TRUE,TRUE,FALSE,FALSE,TRUE,FALSE,TRUE,Medium,FALSE,18-29,"$0 - $24,999",Some college or Associate degree,Pacific
3234779361,FALSE,FALSE,FALSE,FALSE,FALSE,TRUE,FALSE,TRUE,Medium Well,FALSE,>60,"$100,000 - $149,999",Graduate degree,East South Central
3234778878,TRUE,TRUE,TRUE,FALSE,FALSE,TRUE,FALSE,TRUE,Medium rare,FALSE,30-44,"$50,000 - $99,999",Some college or Associate degree,East North Central
3234778653,TRUE,TRUE,TRUE,TRUE,FALSE,TRUE,FALSE,TRUE,Medium,TRUE,45-60,"$100,000 - $149,999",Some college or Associate degree,Pacific
3234778651,TRUE,FALSE,TRUE,FALSE,FALSE,TRUE,FALSE,TRUE,Rare,FALSE,>60,"$150,000+",Graduate degree,South Atlantic
3234778299,FALSE,FALSE,TRUE,FALSE,TRUE,TRUE,TRUE,TRUE,Medium Well,FALSE,45-60,"$150,000+",Bachelor degree,South Atlantic
3234778201,TRUE,FALSE,TRUE,TRUE,FALSE,TRUE,FALSE,TRUE,Medium Well,FALSE,18-29,"$50,000 - $99,999",Some college or Associate degree,Middle Atlantic
3234777660,FALSE,FALSE,TRUE,FALSE,FALSE,TRUE,FALSE,TRUE,Medium,TRUE,18-29,"$0 - $24,999",Some college or Associate degree,New England
3234777247,FALSE,FALSE,TRUE,TRUE,TRUE,TRUE,FALSE,TRUE,Medium,FALSE,45-60,"$0 - $24,999",Bachelor degree,Pacific
3234776895,FALSE,FALSE,FALSE,FALSE,FALSE,FALSE,FALSE,TRUE,Medium rare,TRUE,45-60,"$0 - $24,999",Some college or Associate degree,West South Central
3234776815,TRUE,TRUE,TRUE,FALSE,FALSE,TRUE,FALSE,TRUE,Medium,TRUE,45-60,"$150,000+",Bachelor degree,New England
3234776702,FALSE,FALSE,FALSE,FALSE,FALSE,FALSE,FALSE,TRUE,Medium rare,TRUE,>60,"$50,000 - $99,999",Graduate degree,Mountain
3234775816,TRUE,TRUE,FALSE,FALSE,FALSE,FALSE,FALSE,TRUE,Medium Well,TRUE,45-60,"$25,000 - $49,999",Some college or Associate degree,Mountain
3234775052,FALSE,TRUE,TRUE,FALSE,FALSE,TRUE,FALSE,TRUE,Medium rare,FALSE,18-29,"$0 - $24,999",Some college or Associate degree,East North Central
3234774687,FALSE,FALSE,TRUE,FALSE,FALSE,TRUE,TRUE,TRUE,Medium rare,FALSE,18-29,"$25,000 - $49,999",High school degree,South Atlantic
3234774218,TRUE,FALSE,TRUE,FALSE,FALSE,TRUE,TRUE,TRUE,Medium rare,TRUE,30-44,"$50,000 - $99,999",Some college or Associate degree,Mountain
3234773444,TRUE,FALSE,FALSE,FALSE,FALSE,FALSE,FALSE,TRUE,Medium rare,FALSE,30-44,"$50,000 - $99,999",Graduate degree,West North Central
3234772936,TRUE,FALSE,TRUE,FALSE,FALSE,TRUE,FALSE,TRUE,Medium,FALSE,>60,"$50,000 - $99,999",Graduate degree,Pacific
3234772281,FALSE,FALSE,TRUE,TRUE,FALSE,TRUE,FALSE,TRUE,Medium rare,FALSE,30-44,"$100,000 - $149,999",Bachelor degree,South Atlantic
3234771955,TRUE,FALSE,FALSE,FALSE,FALSE,TRUE,FALSE,TRUE,Medium,TRUE,>60,"$50,000 - $99,999",Some college or Associate degree,New England
3234771246,TRUE,FALSE,TRUE,TRUE,FALSE,TRUE,TRUE,TRUE,Medium Well,FALSE,30-44,"$50,000 - $99,999",Graduate degree,East North Central
3234770901,TRUE,FALSE,TRUE,TRUE,FALSE,TRUE,FALSE,TRUE,Medium,TRUE,45-60,"$150,000+",Graduate degree,Mountain
3234769753,TRUE,FALSE,TRUE,TRUE,FALSE,TRUE,FALSE,TRUE,Medium,TRUE,30-44,"$50,000 - $99,999",Some college or Associate degree,New England
3234769677,TRUE,FALSE,FALSE,TRUE,FALSE,TRUE,FALSE,TRUE,Medium Well,TRUE,30-44,"$0 - $24,999",Some college or Associate degree,West South Central
3234768064,FALSE,FALSE,TRUE,TRUE,FALSE,TRUE,FALSE,TRUE,Medium rare,TRUE,30-44,"$100,000 - $149,999",Graduate degree,East North Central
3234767721,TRUE,TRUE,TRUE,TRUE,FALSE,TRUE,FALSE,TRUE,Medium,TRUE,30-44,"$50,000 - $99,999",Some college or Associate degree,South Atlantic
3234767012,FALSE,FALSE,TRUE,FALSE,FALSE,FALSE,TRUE,TRUE,Well,FALSE,30-44,"$0 - $24,999",Some college or Associate degree,East North Central
3234765812,TRUE,FALSE,TRUE,FALSE,FALSE,TRUE,FALSE,TRUE,Medium Well,FALSE,>60,"$150,000+",Graduate degree,Pacific
3234764807,TRUE,FALSE,TRUE,FALSE,FALSE,TRUE,FALSE,TRUE,Medium rare,FALSE,>60,"$150,000+",Bachelor degree,Middle Atlantic
3234764452,FALSE,TRUE,TRUE,TRUE,TRUE,TRUE,FALSE,TRUE,Medium Well,FALSE,45-60,"$100,000 - $149,999",Some college or Associate degree,South Atlantic
3234764005,FALSE,TRUE,TRUE,TRUE,FALSE,TRUE,FALSE,TRUE,Medium rare,TRUE,18-29,"$50,000 - $99,999",Some college or Associate degree,Mountain
3234763723,TRUE,FALSE,TRUE,TRUE,FALSE,TRUE,FALSE,TRUE,Medium,FALSE,30-44,"$100,000 - $149,999",Bachelor degree,South Atlantic
3234762638,TRUE,FALSE,TRUE,TRUE,FALSE,TRUE,FALSE,TRUE,Medium rare,FALSE,>60,"$50,000 - $99,999",Bachelor degree,Pacific
3234761879,FALSE,FALSE,TRUE,FALSE,FALSE,TRUE,FALSE,TRUE,Medium Well,TRUE,>60,"$100,000 - $149,999",Bachelor degree,West North Central
3234761877,TRUE,FALSE,FALSE,TRUE,FALSE,TRUE,FALSE,TRUE,Medium Well,FALSE,30-44,"$50,000 - $99,999",Graduate degree,Pacific
3234761827,FALSE,FALSE,FALSE,FALSE,FALSE,TRUE,FALSE,TRUE,Medium rare,TRUE,18-29,"$25,000 - $49,999",High school degree,South Atlantic
3234761071,TRUE,TRUE,TRUE,TRUE,FALSE,TRUE,FALSE,TRUE,Medium rare,FALSE,30-44,"$50,000 - $99,999",Some college or Associate degree,South Atlantic
